{"cameraMode":{"drawMode":0,"name":"Shaded","section":"Shading Mode"},"sceneLighting":false,"audioPlay":false,"sceneViewState":{"showFog":true,"showMaterialUpdate":false,"showSkybox":true,"showFlares":true,"showImageEffects":true,"showParticleSystems":true},"in2DMode":false,"pivot":{"x":-4.789449214935303,"y":5.134210586547852,"z":0.0},"rotation":{"x":-0.0008272856357507408,"y":-0.9991682171821594,"z":0.030293762683868409,"w":-0.02728496678173542},"size":114.63370513916016,"orthographic":true}