{"cameraMode":{"drawMode":0,"name":"Shaded","section":"Shading Mode"},"sceneLighting":true,"audioPlay":false,"sceneViewState":{"showFog":true,"showMaterialUpdate":false,"showSkybox":true,"showFlares":true,"showImageEffects":true,"showParticleSystems":true},"in2DMode":false,"pivot":{"x":157.32861328125,"y":475.025390625,"z":-98.96875},"rotation":{"x":-0.016498809680342675,"y":0.00749890087172389,"z":0.00012375005462672561,"w":0.9998357892036438},"size":884.8475341796875,"orthographic":true}